{
  "mode": "pulsed",
  "time_idx": -1,
  "isotherm_temp_K": 1900.0,
  "mse": 258599353.43941557,
  "mae": 15771.061332825342
}